run_key,window_index,window_start_epoch_ms,window_end_epoch_ms,window_start_ts,window_end_ts,decision_window_s,event_id,rank,flow_type,traffic_profile,flow_proto,seed,port,duration_s,parallel,target_bitrate_mbps,start_active_policy,start_policy_id,start_candidate_path_id,start_elephant_path_hint,interval_count,active_seconds,transferred_mbits,throughput_mbps_mean,throughput_mbps_peak,retransmits_sum,loss_pct_mean,jitter_ms_mean,flow_share_pct,cumulative_share_pct,window_elephant_flow_count,window_total_elephant_mbits,window_topk_elephant_mbits,window_topk_share_pct
20260406_121119,0,1775448686917,1775448746917,2026-04-06T12:11:26.917+08:00,2026-04-06T12:12:26.917+08:00,60,elephant_1,1,elephant,medium,tcp,42,5201,18,3,300,srte_ml_dynamic,ml_policy_initial,upper_corridor,r1-r2-r3-r4-r8,18,18.001,16196.923,899.779,901.841,36.0,0.0,0.0,48.65,48.65,3,33292.55,33292.55,100.0
20260406_121119,0,1775448686917,1775448746917,2026-04-06T12:11:26.917+08:00,2026-04-06T12:12:26.917+08:00,60,elephant_0,2,elephant,medium,tcp,42,5201,18,3,300,srte_ml_dynamic,ml_policy_initial,upper_corridor,r1-r2-r3-r4-r8,18,18.001,16192.881,899.555,901.883,7.0,0.0,0.0,48.638,97.288,3,33292.55,33292.55,100.0
20260406_121119,0,1775448686917,1775448746917,2026-04-06T12:11:26.917+08:00,2026-04-06T12:12:26.917+08:00,60,elephant_2,3,elephant,medium,tcp,42,5201,18,3,300,srte_ml_dynamic,ml_policy_initial,upper_corridor,r1-r2-r3-r4-r8,1,1.001,902.747,901.845,901.845,0.0,0.0,0.0,2.712,100.0,3,33292.55,33292.55,100.0
20260406_121119,1,1775448746917,1775448806917,2026-04-06T12:12:26.917+08:00,2026-04-06T12:13:26.917+08:00,60,elephant_3,1,elephant,medium,tcp,42,5201,18,3,300,srte_ml_dynamic,ml_policy_initial,upper_corridor,r1-r2-r3-r4-r8,18,18.001,16195.939,899.724,901.845,0.0,0.0,0.0,49.992,49.992,3,32396.957,32396.957,100.0
20260406_121119,1,1775448746917,1775448806917,2026-04-06T12:12:26.917+08:00,2026-04-06T12:13:26.917+08:00,60,elephant_2,2,elephant,medium,tcp,42,5201,18,3,300,srte_ml_dynamic,ml_policy_initial,upper_corridor,r1-r2-r3-r4-r8,17,17.003,15298.277,899.74,901.28,11.0,0.0,0.0,47.221,97.214,3,32396.957,32396.957,100.0
20260406_121119,1,1775448746917,1775448806917,2026-04-06T12:12:26.917+08:00,2026-04-06T12:13:26.917+08:00,60,elephant_4,3,elephant,medium,tcp,42,5201,18,3,300,srte_ml_dynamic,ml_policy_initial,upper_corridor,r1-r2-r3-r4-r8,1,1.001,902.741,901.839,901.839,0.0,0.0,0.0,2.786,100.0,3,32396.957,32396.957,100.0
20260406_121119,2,1775448806917,1775448866917,2026-04-06T12:13:26.917+08:00,2026-04-06T12:14:26.917+08:00,60,elephant_5,1,elephant,medium,tcp,42,5201,18,3,300,srte_ml_dynamic,ml_policy_initial,upper_corridor,r1-r2-r3-r4-r8,18,18.002,16196.652,899.714,901.972,0.0,0.0,0.0,49.999,49.999,3,32393.952,32393.952,100.0
20260406_121119,2,1775448806917,1775448866917,2026-04-06T12:13:26.917+08:00,2026-04-06T12:14:26.917+08:00,60,elephant_4,2,elephant,medium,tcp,42,5201,18,3,300,srte_ml_dynamic,ml_policy_initial,upper_corridor,r1-r2-r3-r4-r8,17,17.004,15294.513,899.466,900.498,0.0,0.0,0.0,47.214,97.213,3,32393.952,32393.952,100.0
20260406_121119,2,1775448806917,1775448866917,2026-04-06T12:13:26.917+08:00,2026-04-06T12:14:26.917+08:00,60,elephant_6,3,elephant,medium,tcp,42,5201,18,3,300,srte_ml_dynamic,ml_policy_initial,upper_corridor,r1-r2-r3-r4-r8,1,1.001,902.786,901.884,901.884,0.0,0.0,0.0,2.787,100.0,3,32393.952,32393.952,100.0
20260406_121119,3,1775448866917,1775448926917,2026-04-06T12:14:26.917+08:00,2026-04-06T12:15:26.917+08:00,60,elephant_7,1,elephant,medium,tcp,42,5201,18,3,300,srte_ml_dynamic,ml_policy_initial,upper_corridor,r1-r2-r3-r4-r8,18,18.001,16202.143,900.069,902.814,6.0,0.0,0.0,50.009,50.009,3,32398.678,32398.678,100.0
20260406_121119,3,1775448866917,1775448926917,2026-04-06T12:14:26.917+08:00,2026-04-06T12:15:26.917+08:00,60,elephant_6,2,elephant,medium,tcp,42,5201,18,3,300,srte_ml_dynamic,ml_policy_initial,upper_corridor,r1-r2-r3-r4-r8,17,17.001,15294.805,899.641,901.659,0.0,0.0,0.0,47.208,97.217,3,32398.678,32398.678,100.0
20260406_121119,3,1775448866917,1775448926917,2026-04-06T12:14:26.917+08:00,2026-04-06T12:15:26.917+08:00,60,elephant_8,3,elephant,medium,tcp,42,5201,18,3,300,srte_ml_dynamic,ml_policy_initial,upper_corridor,r1-r2-r3-r4-r8,1,1.001,901.73,900.829,900.829,0.0,0.0,0.0,2.783,100.0,3,32398.678,32398.678,100.0
20260406_121119,4,1775448926917,1775448986917,2026-04-06T12:15:26.917+08:00,2026-04-06T12:16:26.917+08:00,60,elephant_9,1,elephant,medium,tcp,42,5201,18,3,300,srte_ml_dynamic,ml_policy_initial,upper_corridor,r1-r2-r3-r4-r8,18,18.001,16199.168,899.904,901.904,6.0,0.0,0.0,51.43,51.43,2,31497.498,31497.498,100.0
20260406_121119,4,1775448926917,1775448986917,2026-04-06T12:15:26.917+08:00,2026-04-06T12:16:26.917+08:00,60,elephant_8,2,elephant,medium,tcp,42,5201,18,3,300,srte_ml_dynamic,ml_policy_initial,upper_corridor,r1-r2-r3-r4-r8,17,17.0,15298.33,899.902,901.798,0.0,0.0,0.0,48.57,100.0,2,31497.498,31497.498,100.0
20260406_121119,5,1775448986917,1775449046917,2026-04-06T12:16:26.917+08:00,2026-04-06T12:17:26.917+08:00,60,elephant_11,1,elephant,medium,tcp,42,5201,18,3,300,srte_ml_dynamic,ml_policy_initial,upper_corridor,r1-r2-r3-r4-r8,18,18.001,16199.024,899.896,909.544,0.0,0.0,0.0,48.646,48.646,3,33299.768,33299.768,100.0
20260406_121119,5,1775448986917,1775449046917,2026-04-06T12:16:26.917+08:00,2026-04-06T12:17:26.917+08:00,60,elephant_10,2,elephant,medium,tcp,42,5201,18,3,300,srte_ml_dynamic,ml_policy_initial,upper_corridor,r1-r2-r3-r4-r8,18,18.001,16197.955,899.836,901.92,7.0,0.0,0.0,48.643,97.289,3,33299.768,33299.768,100.0
20260406_121119,5,1775448986917,1775449046917,2026-04-06T12:16:26.917+08:00,2026-04-06T12:17:26.917+08:00,60,elephant_12,3,elephant,medium,tcp,42,5201,18,3,300,srte_ml_dynamic,ml_policy_initial,upper_corridor,r1-r2-r3-r4-r8,1,1.001,902.789,901.887,901.887,0.0,0.0,0.0,2.711,100.0,3,33299.768,33299.768,100.0
20260406_121119,6,1775449046917,1775449106917,2026-04-06T12:17:26.917+08:00,2026-04-06T12:18:26.917+08:00,60,elephant_13,1,elephant,medium,tcp,42,5201,18,3,300,srte_ml_dynamic,ml_policy_initial,upper_corridor,r1-r2-r3-r4-r8,18,18.001,16199.058,899.898,902.185,0.0,0.0,0.0,49.996,49.996,3,32400.838,32400.838,100.0
20260406_121119,6,1775449046917,1775449106917,2026-04-06T12:17:26.917+08:00,2026-04-06T12:18:26.917+08:00,60,elephant_12,2,elephant,medium,tcp,42,5201,18,3,300,srte_ml_dynamic,ml_policy_initial,upper_corridor,r1-r2-r3-r4-r8,17,17.0,15298.762,899.927,902.819,0.0,0.0,0.0,47.217,97.213,3,32400.838,32400.838,100.0
20260406_121119,6,1775449046917,1775449106917,2026-04-06T12:17:26.917+08:00,2026-04-06T12:18:26.917+08:00,60,elephant_14,3,elephant,medium,tcp,42,5201,18,3,300,srte_ml_dynamic,ml_policy_initial,upper_corridor,r1-r2-r3-r4-r8,1,1.001,903.017,902.115,902.115,0.0,0.0,0.0,2.787,100.0,3,32400.838,32400.838,100.0
20260406_121119,7,1775449106917,1775449166917,2026-04-06T12:18:26.917+08:00,2026-04-06T12:19:26.917+08:00,60,elephant_15,1,elephant,medium,tcp,42,5201,18,3,300,srte_ml_dynamic,ml_policy_initial,upper_corridor,r1-r2-r3-r4-r8,18,18.001,16201.145,900.014,901.842,0.0,0.0,0.0,50.003,50.003,3,32400.561,32400.561,100.0
20260406_121119,7,1775449106917,1775449166917,2026-04-06T12:18:26.917+08:00,2026-04-06T12:19:26.917+08:00,60,elephant_14,2,elephant,medium,tcp,42,5201,18,3,300,srte_ml_dynamic,ml_policy_initial,upper_corridor,r1-r2-r3-r4-r8,17,17.001,15296.687,899.752,901.775,31.0,0.0,0.0,47.211,97.214,3,32400.561,32400.561,100.0
20260406_121119,7,1775449106917,1775449166917,2026-04-06T12:18:26.917+08:00,2026-04-06T12:19:26.917+08:00,60,elephant_16,3,elephant,medium,tcp,42,5201,18,3,300,srte_ml_dynamic,ml_policy_initial,upper_corridor,r1-r2-r3-r4-r8,1,1.001,902.73,901.828,901.828,0.0,0.0,0.0,2.786,100.0,3,32400.561,32400.561,100.0
20260406_121119,8,1775449166917,1775449226917,2026-04-06T12:19:26.917+08:00,2026-04-06T12:20:26.917+08:00,60,elephant_17,1,elephant,medium,tcp,42,5201,18,3,300,srte_ml_dynamic,ml_policy_initial,upper_corridor,r1-r2-r3-r4-r8,18,18.001,16196.82,899.773,901.837,6.0,0.0,0.0,50.002,50.002,3,32392.428,32392.428,100.0
20260406_121119,8,1775449166917,1775449226917,2026-04-06T12:19:26.917+08:00,2026-04-06T12:20:26.917+08:00,60,elephant_16,2,elephant,medium,tcp,42,5201,18,3,300,srte_ml_dynamic,ml_policy_initial,upper_corridor,r1-r2-r3-r4-r8,17,17.001,15292.851,899.527,901.652,1.0,0.0,0.0,47.211,97.213,3,32392.428,32392.428,100.0
20260406_121119,8,1775449166917,1775449226917,2026-04-06T12:19:26.917+08:00,2026-04-06T12:20:26.917+08:00,60,elephant_18,3,elephant,medium,tcp,42,5201,18,3,300,srte_ml_dynamic,ml_policy_initial,upper_corridor,r1-r2-r3-r4-r8,1,1.001,902.758,901.856,901.856,6.0,0.0,0.0,2.787,100.0,3,32392.428,32392.428,100.0
20260406_121119,9,1775449226917,1775449286917,2026-04-06T12:20:26.917+08:00,2026-04-06T12:21:26.917+08:00,60,elephant_19,1,elephant,medium,tcp,42,5201,18,3,300,srte_ml_dynamic,ml_policy_initial,upper_corridor,r1-r2-r3-r4-r8,18,18.002,16198.707,899.828,902.049,18.0,0.0,0.0,50.0,50.0,3,32397.289,32397.289,100.0
20260406_121119,9,1775449226917,1775449286917,2026-04-06T12:20:26.917+08:00,2026-04-06T12:21:26.917+08:00,60,elephant_18,2,elephant,medium,tcp,42,5201,18,3,300,srte_ml_dynamic,ml_policy_initial,upper_corridor,r1-r2-r3-r4-r8,17,17.0,15296.873,899.816,901.948,0.0,0.0,0.0,47.217,97.217,3,32397.289,32397.289,100.0
20260406_121119,9,1775449226917,1775449286917,2026-04-06T12:20:26.917+08:00,2026-04-06T12:21:26.917+08:00,60,elephant_20,3,elephant,medium,tcp,42,5201,18,3,300,srte_ml_dynamic,ml_policy_initial,upper_corridor,r1-r2-r3-r4-r8,1,1.0,901.71,901.71,901.71,0.0,0.0,0.0,2.783,100.0,3,32397.289,32397.289,100.0
20260406_121119,10,1775449286917,1775449346917,2026-04-06T12:21:26.917+08:00,2026-04-06T12:22:26.917+08:00,60,elephant_21,1,elephant,medium,tcp,42,5201,18,3,300,srte_ml_dynamic,ml_policy_initial,upper_corridor,r1-r2-r3-r4-r8,18,18.001,16199.308,899.912,902.205,0.0,0.0,0.0,50.005,50.005,3,32395.12,32395.12,100.0
20260406_121119,10,1775449286917,1775449346917,2026-04-06T12:21:26.917+08:00,2026-04-06T12:22:26.917+08:00,60,elephant_20,2,elephant,medium,tcp,42,5201,18,3,300,srte_ml_dynamic,ml_policy_initial,upper_corridor,r1-r2-r3-r4-r8,17,17.001,15293.039,899.538,901.756,0.0,0.0,0.0,47.208,97.213,3,32395.12,32395.12,100.0
20260406_121119,10,1775449286917,1775449346917,2026-04-06T12:21:26.917+08:00,2026-04-06T12:22:26.917+08:00,60,elephant_22,3,elephant,medium,tcp,42,5201,18,3,300,srte_ml_dynamic,ml_policy_initial,upper_corridor,r1-r2-r3-r4-r8,1,1.001,902.773,901.871,901.871,0.0,0.0,0.0,2.787,100.0,3,32395.12,32395.12,100.0
20260406_121119,11,1775449346917,1775449406917,2026-04-06T12:22:26.917+08:00,2026-04-06T12:23:26.917+08:00,60,elephant_23,1,elephant,medium,tcp,42,5201,18,3,300,srte_ml_dynamic,ml_policy_initial,upper_corridor,r1-r2-r3-r4-r8,18,18.001,16199.191,899.905,901.735,26.0,0.0,0.0,50.001,50.001,3,32397.871,32397.871,100.0
20260406_121119,11,1775449346917,1775449406917,2026-04-06T12:22:26.917+08:00,2026-04-06T12:23:26.917+08:00,60,elephant_22,2,elephant,medium,tcp,42,5201,18,3,300,srte_ml_dynamic,ml_policy_initial,upper_corridor,r1-r2-r3-r4-r8,17,17.001,15295.929,899.708,902.118,28.0,0.0,0.0,47.213,97.214,3,32397.871,32397.871,100.0
20260406_121119,11,1775449346917,1775449406917,2026-04-06T12:22:26.917+08:00,2026-04-06T12:23:26.917+08:00,60,elephant_24,3,elephant,medium,tcp,42,5201,18,3,300,srte_ml_dynamic,ml_policy_initial,upper_corridor,r1-r2-r3-r4-r8,1,1.001,902.752,901.85,901.85,0.0,0.0,0.0,2.786,100.0,3,32397.871,32397.871,100.0
20260406_121119,12,1775449406917,1775449466917,2026-04-06T12:23:26.917+08:00,2026-04-06T12:24:26.917+08:00,60,elephant_25,1,elephant,medium,tcp,42,5201,18,3,300,srte_ml_dynamic,ml_policy_initial,upper_corridor,r1-r2-r3-r4-r8,18,18.003,16188.089,899.188,901.949,6.0,0.0,0.0,51.417,51.417,2,31483.826,31483.826,100.0
20260406_121119,12,1775449406917,1775449466917,2026-04-06T12:23:26.917+08:00,2026-04-06T12:24:26.917+08:00,60,elephant_24,2,elephant,medium,tcp,42,5201,18,3,300,srte_ml_dynamic,ml_policy_initial,upper_corridor,r1-r2-r3-r4-r8,17,17.001,15295.737,899.696,901.792,0.0,0.0,0.0,48.583,100.0,2,31483.826,31483.826,100.0
20260406_121119,13,1775449466917,1775449526917,2026-04-06T12:24:26.917+08:00,2026-04-06T12:25:26.917+08:00,60,elephant_26,1,elephant,medium,tcp,42,5201,18,3,300,srte_ml_dynamic,ml_policy_initial,upper_corridor,r1-r2-r3-r4-r8,18,18.001,16198.264,899.854,901.891,1.0,0.0,0.0,48.652,48.652,3,33293.843,33293.843,100.0
20260406_121119,13,1775449466917,1775449526917,2026-04-06T12:24:26.917+08:00,2026-04-06T12:25:26.917+08:00,60,elephant_27,2,elephant,medium,tcp,42,5201,18,3,300,srte_ml_dynamic,ml_policy_initial,upper_corridor,r1-r2-r3-r4-r8,18,18.001,16192.855,899.553,910.095,7.0,0.0,0.0,48.636,97.289,3,33293.843,33293.843,100.0
20260406_121119,13,1775449466917,1775449526917,2026-04-06T12:24:26.917+08:00,2026-04-06T12:25:26.917+08:00,60,elephant_28,3,elephant,medium,tcp,42,5201,18,3,300,srte_ml_dynamic,ml_policy_initial,upper_corridor,r1-r2-r3-r4-r8,1,1.001,902.724,901.822,901.822,0.0,0.0,0.0,2.711,100.0,3,33293.843,33293.843,100.0
20260406_121119,14,1775449526917,1775449586917,2026-04-06T12:25:26.917+08:00,2026-04-06T12:26:26.917+08:00,60,elephant_29,1,elephant,medium,tcp,42,5201,18,3,300,srte_ml_dynamic,ml_policy_initial,upper_corridor,r1-r2-r3-r4-r8,18,18.001,16196.327,899.746,901.678,53.0,0.0,0.0,50.014,50.014,3,32383.85,32383.85,100.0
20260406_121119,14,1775449526917,1775449586917,2026-04-06T12:25:26.917+08:00,2026-04-06T12:26:26.917+08:00,60,elephant_28,2,elephant,medium,tcp,42,5201,18,3,300,srte_ml_dynamic,ml_policy_initial,upper_corridor,r1-r2-r3-r4-r8,17,17.001,15284.985,899.064,904.779,51.0,0.0,0.0,47.199,97.213,3,32383.85,32383.85,100.0
20260406_121119,14,1775449526917,1775449586917,2026-04-06T12:25:26.917+08:00,2026-04-06T12:26:26.917+08:00,60,elephant_30,3,elephant,medium,tcp,42,5201,18,3,300,srte_ml_dynamic,ml_policy_initial,upper_corridor,r1-r2-r3-r4-r8,1,1.001,902.539,901.637,901.637,0.0,0.0,0.0,2.787,100.0,3,32383.85,32383.85,100.0
20260406_121119,15,1775449586917,1775449646917,2026-04-06T12:26:26.917+08:00,2026-04-06T12:27:26.917+08:00,60,elephant_31,1,elephant,medium,tcp,42,5201,18,3,300,srte_ml_dynamic,ml_policy_initial,upper_corridor,r1-r2-r3-r4-r8,18,18.002,16198.771,899.832,901.809,10.0,0.0,0.0,50.001,50.001,3,32397.005,32397.005,100.0
20260406_121119,15,1775449586917,1775449646917,2026-04-06T12:26:26.917+08:00,2026-04-06T12:27:26.917+08:00,60,elephant_30,2,elephant,medium,tcp,42,5201,18,3,300,srte_ml_dynamic,ml_policy_initial,upper_corridor,r1-r2-r3-r4-r8,17,17.0,15295.544,899.738,910.582,6.0,0.0,0.0,47.213,97.214,3,32397.005,32397.005,100.0
20260406_121119,15,1775449586917,1775449646917,2026-04-06T12:26:26.917+08:00,2026-04-06T12:27:26.917+08:00,60,elephant_32,3,elephant,medium,tcp,42,5201,18,3,300,srte_ml_dynamic,ml_policy_initial,upper_corridor,r1-r2-r3-r4-r8,1,1.001,902.691,901.789,901.789,0.0,0.0,0.0,2.786,100.0,3,32397.005,32397.005,100.0
20260406_121119,16,1775449646917,1775449706917,2026-04-06T12:27:26.917+08:00,2026-04-06T12:28:26.917+08:00,60,elephant_33,1,elephant,medium,tcp,42,5201,18,3,300,srte_ml_dynamic,ml_policy_initial,upper_corridor,r1-r2-r3-r4-r8,18,18.001,16196.725,899.768,901.673,14.0,0.0,0.0,50.0,50.0,3,32393.467,32393.467,100.0
20260406_121119,16,1775449646917,1775449706917,2026-04-06T12:27:26.917+08:00,2026-04-06T12:28:26.917+08:00,60,elephant_32,2,elephant,medium,tcp,42,5201,18,3,300,srte_ml_dynamic,ml_policy_initial,upper_corridor,r1-r2-r3-r4-r8,17,17.001,15293.992,899.594,901.654,4.0,0.0,0.0,47.213,97.213,3,32393.467,32393.467,100.0
20260406_121119,16,1775449646917,1775449706917,2026-04-06T12:27:26.917+08:00,2026-04-06T12:28:26.917+08:00,60,elephant_34,3,elephant,medium,tcp,42,5201,18,3,300,srte_ml_dynamic,ml_policy_initial,upper_corridor,r1-r2-r3-r4-r8,1,1.001,902.751,901.849,901.849,0.0,0.0,0.0,2.787,100.0,3,32393.467,32393.467,100.0
20260406_121119,17,1775449706917,1775449766917,2026-04-06T12:28:26.917+08:00,2026-04-06T12:29:26.917+08:00,60,elephant_35,1,elephant,medium,tcp,42,5201,18,3,300,srte_ml_dynamic,ml_policy_initial,upper_corridor,r1-r2-r3-r4-r8,18,18.001,16198.617,899.873,902.645,0.0,0.0,0.0,49.997,49.997,3,32398.893,32398.893,100.0
20260406_121119,17,1775449706917,1775449766917,2026-04-06T12:28:26.917+08:00,2026-04-06T12:29:26.917+08:00,60,elephant_34,2,elephant,medium,tcp,42,5201,18,3,300,srte_ml_dynamic,ml_policy_initial,upper_corridor,r1-r2-r3-r4-r8,17,17.001,15297.071,899.775,901.46,0.0,0.0,0.0,47.215,97.212,3,32398.893,32398.893,100.0
20260406_121119,17,1775449706917,1775449766917,2026-04-06T12:28:26.917+08:00,2026-04-06T12:29:26.917+08:00,60,elephant_36,3,elephant,medium,tcp,42,5201,18,3,300,srte_ml_dynamic,ml_policy_initial,upper_corridor,r1-r2-r3-r4-r8,1,1.001,903.204,902.302,902.302,0.0,0.0,0.0,2.788,100.0,3,32398.893,32398.893,100.0
20260406_121119,18,1775449766917,1775449826917,2026-04-06T12:29:26.917+08:00,2026-04-06T12:30:26.917+08:00,60,elephant_37,1,elephant,medium,tcp,42,5201,18,3,300,srte_ml_dynamic,ml_policy_initial,upper_corridor,r1-r2-r3-r4-r8,18,18.002,16197.716,899.773,901.744,0.0,0.0,0.0,50.0,50.0,3,32395.552,32395.552,100.0
20260406_121119,18,1775449766917,1775449826917,2026-04-06T12:29:26.917+08:00,2026-04-06T12:30:26.917+08:00,60,elephant_36,2,elephant,medium,tcp,42,5201,18,3,300,srte_ml_dynamic,ml_policy_initial,upper_corridor,r1-r2-r3-r4-r8,17,17.001,15295.092,899.658,902.601,5.0,0.0,0.0,47.214,97.213,3,32395.552,32395.552,100.0
20260406_121119,18,1775449766917,1775449826917,2026-04-06T12:29:26.917+08:00,2026-04-06T12:30:26.917+08:00,60,elephant_38,3,elephant,medium,tcp,42,5201,18,3,300,srte_ml_dynamic,ml_policy_initial,upper_corridor,r1-r2-r3-r4-r8,1,1.001,902.745,901.843,901.843,0.0,0.0,0.0,2.787,100.0,3,32395.552,32395.552,100.0
20260406_121119,19,1775449826917,1775449886917,2026-04-06T12:30:26.917+08:00,2026-04-06T12:31:26.917+08:00,60,elephant_39,1,elephant,medium,tcp,42,5201,18,3,300,srte_ml_dynamic,ml_policy_initial,upper_corridor,r1-r2-r3-r4-r8,18,18.001,16197.837,899.83,901.53,0.0,0.0,0.0,49.996,49.996,3,32398.522,32398.522,100.0
20260406_121119,19,1775449826917,1775449886917,2026-04-06T12:30:26.917+08:00,2026-04-06T12:31:26.917+08:00,60,elephant_38,2,elephant,medium,tcp,42,5201,18,3,300,srte_ml_dynamic,ml_policy_initial,upper_corridor,r1-r2-r3-r4-r8,17,17.002,15297.951,899.774,900.797,6.0,0.0,0.0,47.218,97.214,3,32398.522,32398.522,100.0
20260406_121119,19,1775449826917,1775449886917,2026-04-06T12:30:26.917+08:00,2026-04-06T12:31:26.917+08:00,60,elephant_40,3,elephant,medium,tcp,42,5201,18,3,300,srte_ml_dynamic,ml_policy_initial,upper_corridor,r1-r2-r3-r4-r8,1,1.001,902.734,901.832,901.832,0.0,0.0,0.0,2.786,100.0,3,32398.522,32398.522,100.0
20260406_121119,20,1775449886917,1775449946917,2026-04-06T12:31:26.917+08:00,2026-04-06T12:32:26.917+08:00,60,elephant_41,1,elephant,medium,tcp,42,5201,18,3,300,srte_ml_dynamic,ml_policy_initial,upper_corridor,r1-r2-r3-r4-r8,18,18.0,16195.594,899.755,902.566,16.0,0.0,0.0,49.996,49.996,3,32393.457,32393.457,100.0
20260406_121119,20,1775449886917,1775449946917,2026-04-06T12:31:26.917+08:00,2026-04-06T12:32:26.917+08:00,60,elephant_40,2,elephant,medium,tcp,42,5201,18,3,300,srte_ml_dynamic,ml_policy_initial,upper_corridor,r1-r2-r3-r4-r8,17,17.0,15295.098,899.712,901.844,0.0,0.0,0.0,47.217,97.213,3,32393.457,32393.457,100.0
20260406_121119,20,1775449886917,1775449946917,2026-04-06T12:31:26.917+08:00,2026-04-06T12:32:26.917+08:00,60,elephant_42,3,elephant,medium,tcp,42,5201,18,3,300,srte_ml_dynamic,ml_policy_initial,upper_corridor,r1-r2-r3-r4-r8,1,1.001,902.765,901.863,901.863,0.0,0.0,0.0,2.787,100.0,3,32393.457,32393.457,100.0
20260406_121119,21,1775449946917,1775450006917,2026-04-06T12:32:26.917+08:00,2026-04-06T12:33:26.917+08:00,60,elephant_43,1,elephant,medium,tcp,42,5201,18,3,300,srte_ml_dynamic,ml_policy_initial,upper_corridor,r1-r2-r3-r4-r8,18,18.002,16197.863,899.781,902.082,0.0,0.0,0.0,50.0,50.0,3,32395.926,32395.926,100.0
20260406_121119,21,1775449946917,1775450006917,2026-04-06T12:32:26.917+08:00,2026-04-06T12:33:26.917+08:00,60,elephant_42,2,elephant,medium,tcp,42,5201,18,3,300,srte_ml_dynamic,ml_policy_initial,upper_corridor,r1-r2-r3-r4-r8,17,17.001,15295.531,899.684,901.844,0.0,0.0,0.0,47.214,97.214,3,32395.926,32395.926,100.0
20260406_121119,21,1775449946917,1775450006917,2026-04-06T12:32:26.917+08:00,2026-04-06T12:33:26.917+08:00,60,elephant_44,3,elephant,medium,tcp,42,5201,18,3,300,srte_ml_dynamic,ml_policy_initial,upper_corridor,r1-r2-r3-r4-r8,1,1.0,902.532,902.532,902.532,0.0,0.0,0.0,2.786,100.0,3,32395.926,32395.926,100.0
20260406_121119,22,1775450006917,1775450066917,2026-04-06T12:33:26.917+08:00,2026-04-06T12:34:26.917+08:00,60,elephant_45,1,elephant,medium,tcp,42,5201,18,3,300,srte_ml_dynamic,ml_policy_initial,upper_corridor,r1-r2-r3-r4-r8,18,18.002,16196.679,899.716,902.09,7.0,0.0,0.0,49.995,49.995,3,32396.638,32396.638,100.0
20260406_121119,22,1775450006917,1775450066917,2026-04-06T12:33:26.917+08:00,2026-04-06T12:34:26.917+08:00,60,elephant_44,2,elephant,medium,tcp,42,5201,18,3,300,srte_ml_dynamic,ml_policy_initial,upper_corridor,r1-r2-r3-r4-r8,17,17.003,15297.123,899.672,901.127,6.0,0.0,0.0,47.218,97.213,3,32396.638,32396.638,100.0
20260406_121119,22,1775450006917,1775450066917,2026-04-06T12:33:26.917+08:00,2026-04-06T12:34:26.917+08:00,60,elephant_46,3,elephant,medium,tcp,42,5201,18,3,300,srte_ml_dynamic,ml_policy_initial,upper_corridor,r1-r2-r3-r4-r8,1,1.001,902.836,901.934,901.934,0.0,0.0,0.0,2.787,100.0,3,32396.638,32396.638,100.0
20260406_121119,23,1775450066917,1775450126917,2026-04-06T12:34:26.917+08:00,2026-04-06T12:35:26.917+08:00,60,elephant_47,1,elephant,medium,tcp,42,5201,18,3,300,srte_ml_dynamic,ml_policy_initial,upper_corridor,r1-r2-r3-r4-r8,18,18.003,16199.115,899.801,901.8,6.0,0.0,0.0,50.002,50.002,3,32397.121,32397.121,100.0
20260406_121119,23,1775450066917,1775450126917,2026-04-06T12:34:26.917+08:00,2026-04-06T12:35:26.917+08:00,60,elephant_46,2,elephant,medium,tcp,42,5201,18,3,300,srte_ml_dynamic,ml_policy_initial,upper_corridor,r1-r2-r3-r4-r8,17,17.0,15295.273,899.722,901.668,0.0,0.0,0.0,47.212,97.214,3,32397.121,32397.121,100.0
20260406_121119,23,1775450066917,1775450126917,2026-04-06T12:34:26.917+08:00,2026-04-06T12:35:26.917+08:00,60,elephant_48,3,elephant,medium,tcp,42,5201,18,3,300,srte_ml_dynamic,ml_policy_initial,upper_corridor,r1-r2-r3-r4-r8,1,1.001,902.734,901.832,901.832,0.0,0.0,0.0,2.786,100.0,3,32397.121,32397.121,100.0
20260406_121119,24,1775450126917,1775450186917,2026-04-06T12:35:26.917+08:00,2026-04-06T12:36:26.917+08:00,60,elephant_49,1,elephant,medium,tcp,42,5201,18,3,300,srte_ml_dynamic,ml_policy_initial,upper_corridor,r1-r2-r3-r4-r8,18,18.002,16198.893,899.839,901.872,0.0,0.0,0.0,50.0,50.0,3,32397.561,32397.561,100.0
20260406_121119,24,1775450126917,1775450186917,2026-04-06T12:35:26.917+08:00,2026-04-06T12:36:26.917+08:00,60,elephant_48,2,elephant,medium,tcp,42,5201,18,3,300,srte_ml_dynamic,ml_policy_initial,upper_corridor,r1-r2-r3-r4-r8,17,17.001,15296.128,899.719,900.783,0.0,0.0,0.0,47.214,97.214,3,32397.561,32397.561,100.0
20260406_121119,24,1775450126917,1775450186917,2026-04-06T12:35:26.917+08:00,2026-04-06T12:36:26.917+08:00,60,elephant_50,3,elephant,medium,tcp,42,5201,18,3,300,srte_ml_dynamic,ml_policy_initial,upper_corridor,r1-r2-r3-r4-r8,1,1.001,902.541,901.639,901.639,0.0,0.0,0.0,2.786,100.0,3,32397.561,32397.561,100.0
20260406_121119,25,1775450186917,1775450246917,2026-04-06T12:36:26.917+08:00,2026-04-06T12:37:26.917+08:00,60,elephant_51,1,elephant,medium,tcp,42,5201,18,3,300,srte_ml_dynamic,ml_policy_initial,upper_corridor,r1-r2-r3-r4-r8,18,18.001,16197.243,899.797,901.86,0.0,0.0,0.0,50.0,50.0,3,32394.169,32394.169,100.0
20260406_121119,25,1775450186917,1775450246917,2026-04-06T12:36:26.917+08:00,2026-04-06T12:37:26.917+08:00,60,elephant_50,2,elephant,medium,tcp,42,5201,18,3,300,srte_ml_dynamic,ml_policy_initial,upper_corridor,r1-r2-r3-r4-r8,17,17.0,15296.432,899.79,901.78,16.0,0.0,0.0,47.22,97.22,3,32394.169,32394.169,100.0
20260406_121119,25,1775450186917,1775450246917,2026-04-06T12:36:26.917+08:00,2026-04-06T12:37:26.917+08:00,60,elephant_52,3,elephant,medium,tcp,42,5201,18,3,300,srte_ml_dynamic,ml_policy_initial,upper_corridor,r1-r2-r3-r4-r8,1,1.001,900.495,899.595,899.595,0.0,0.0,0.0,2.78,100.0,3,32394.169,32394.169,100.0
20260406_121119,26,1775450246917,1775450306917,2026-04-06T12:37:26.917+08:00,2026-04-06T12:38:26.917+08:00,60,elephant_53,1,elephant,medium,tcp,42,5201,18,3,300,srte_ml_dynamic,ml_policy_initial,upper_corridor,r1-r2-r3-r4-r8,18,18.001,16199.418,899.918,902.895,0.0,0.0,0.0,50.007,50.007,3,32394.558,32394.558,100.0
20260406_121119,26,1775450246917,1775450306917,2026-04-06T12:37:26.917+08:00,2026-04-06T12:38:26.917+08:00,60,elephant_52,2,elephant,medium,tcp,42,5201,18,3,300,srte_ml_dynamic,ml_policy_initial,upper_corridor,r1-r2-r3-r4-r8,17,17.0,15292.356,899.55,901.711,0.0,0.0,0.0,47.207,97.213,3,32394.558,32394.558,100.0
20260406_121119,26,1775450246917,1775450306917,2026-04-06T12:37:26.917+08:00,2026-04-06T12:38:26.917+08:00,60,elephant_54,3,elephant,medium,tcp,42,5201,18,3,300,srte_ml_dynamic,ml_policy_initial,upper_corridor,r1-r2-r3-r4-r8,1,1.001,902.784,901.882,901.882,0.0,0.0,0.0,2.787,100.0,3,32394.558,32394.558,100.0
20260406_121119,27,1775450306917,1775450366917,2026-04-06T12:38:26.917+08:00,2026-04-06T12:39:26.917+08:00,60,elephant_55,1,elephant,medium,tcp,42,5201,18,3,300,srte_ml_dynamic,ml_policy_initial,upper_corridor,r1-r2-r3-r4-r8,18,18.002,16198.669,899.826,902.093,0.0,0.0,0.0,50.002,50.002,3,32396.265,32396.265,100.0
20260406_121119,27,1775450306917,1775450366917,2026-04-06T12:38:26.917+08:00,2026-04-06T12:39:26.917+08:00,60,elephant_54,2,elephant,medium,tcp,42,5201,18,3,300,srte_ml_dynamic,ml_policy_initial,upper_corridor,r1-r2-r3-r4-r8,17,17.0,15295.135,899.714,901.552,0.0,0.0,0.0,47.213,97.214,3,32396.265,32396.265,100.0
20260406_121119,27,1775450306917,1775450366917,2026-04-06T12:38:26.917+08:00,2026-04-06T12:39:26.917+08:00,60,elephant_56,3,elephant,medium,tcp,42,5201,18,3,300,srte_ml_dynamic,ml_policy_initial,upper_corridor,r1-r2-r3-r4-r8,1,1.001,902.461,901.559,901.559,0.0,0.0,0.0,2.786,100.0,3,32396.265,32396.265,100.0
20260406_121119,28,1775450366917,1775450426917,2026-04-06T12:39:26.917+08:00,2026-04-06T12:40:26.917+08:00,60,elephant_57,1,elephant,medium,tcp,42,5201,18,3,300,srte_ml_dynamic,ml_policy_initial,upper_corridor,r1-r2-r3-r4-r8,18,18.002,16195.445,899.647,902.631,0.0,0.0,0.0,49.994,49.994,3,32395.016,32395.016,100.0
20260406_121119,28,1775450366917,1775450426917,2026-04-06T12:39:26.917+08:00,2026-04-06T12:40:26.917+08:00,60,elephant_56,2,elephant,medium,tcp,42,5201,18,3,300,srte_ml_dynamic,ml_policy_initial,upper_corridor,r1-r2-r3-r4-r8,17,17.0,15296.806,899.812,901.413,0.0,0.0,0.0,47.22,97.213,3,32395.016,32395.016,100.0
20260406_121119,28,1775450366917,1775450426917,2026-04-06T12:39:26.917+08:00,2026-04-06T12:40:26.917+08:00,60,elephant_58,3,elephant,medium,tcp,42,5201,18,3,300,srte_ml_dynamic,ml_policy_initial,upper_corridor,r1-r2-r3-r4-r8,1,1.001,902.765,901.863,901.863,0.0,0.0,0.0,2.787,100.0,3,32395.016,32395.016,100.0
20260406_121119,29,1775450426917,1775450486917,2026-04-06T12:40:26.917+08:00,2026-04-06T12:41:26.917+08:00,60,elephant_59,1,elephant,medium,tcp,42,5201,18,3,300,srte_ml_dynamic,ml_policy_initial,upper_corridor,r1-r2-r3-r4-r8,18,18.002,16198.006,899.789,901.76,0.0,0.0,0.0,51.433,51.433,2,31493.663,31493.663,100.0
20260406_121119,29,1775450426917,1775450486917,2026-04-06T12:40:26.917+08:00,2026-04-06T12:41:26.917+08:00,60,elephant_58,2,elephant,medium,tcp,42,5201,18,3,300,srte_ml_dynamic,ml_policy_initial,upper_corridor,r1-r2-r3-r4-r8,17,17.002,15295.656,899.639,901.733,0.0,0.0,0.0,48.567,100.0,2,31493.663,31493.663,100.0
